Workbook

Sheet COVER
B2: KULIAH KERJA NYATA — PEMBELAJARAN PEMBERDAYAAN MASYARAKAT (KKN-PPM)
B6: UNIVERSITAS GADJAH MADA
B7: DESA REJOAGUNG — KECAMATAN SRONO — KABUPATEN BANYUWANGI — JAWA TIMUR
B12: DATABASE INVENTARISASI ASET DESA
B15: PROGRAM KERJA TIM KKN-PPM UGM — TAHUN 2026
C18: INFORMASI DOKUMEN
C19: Lokasi KKN | E19: Desa REJOAGUNG, Kec. Srono, Kab. Banyuwangi
C20: Program | E20: Kuliah Kerja Nyata - Pembelajaran Pemberdayaan Masyarakat (KKN-PPM)
C21: Perguruan Tinggi | E21: Universitas Gadjah Mada (UGM)
C22: Bentuk Kegiatan | E22: Pendataan & Digitalisasi Aset Desa
C23: Total Aset Terdata | E23: =44 -> 44
C24: Status Dokumen
B28: Disusun oleh Tim KKN-PPM UGM sebagai bagian dari program pengabdian masyarakat, bekerja sama dengan Pemerintah Desa Rejoagung

Sheet PETUNJUK
B2: PETUNJUK PENGGUNAAN DOKUMEN
B4: Konteks Dokumen | C4: Database ini disusun oleh Tim Kuliah Kerja Nyata - Pembelajaran Pemberdayaan Masyarakat (KKN-PPM) Universitas Gadjah Mada yang bertugas di Desa Rejoagung, Kecamatan Srono, Kabupaten Banyuwangi, sebagai salah satu program kerja pendataan dan digitalisasi aset desa.
B5: Daftar Isi | C5: Dokumen ini terdiri dari beberapa sheet: COVER, PETUNJUK, RINGKASAN, INVENTARISASI ASET (induk data), serta sheet per kategori aset (Olahraga, Pemerintahan, Keagamaan, Pendidikan).
B6: Sheet RINGKASAN | C6: Menampilkan dashboard rekapitulasi jumlah aset, total luas tanah, dan komposisi per kategori maupun status kepemilikan secara otomatis menggunakan rumus, akan menyesuaikan bila data induk diperbarui.
B7: Sheet INVENTARISASI ASET | C7: Merupakan data induk (master data) seluruh aset desa. Semua sheet kategori bersumber dari sheet ini.
B8: Kolom Kondisi | C8: Diisi oleh petugas pendata di lapangan: Baik / Cukup / Rusak Ringan / Rusak Berat / Belum Disurvei.
B9: Kolom Status Kepemilikan | C9: Diisi sesuai dokumen legal yang dimiliki: Hak Milik, Hak Wakaf, Hak Pakai, Kosong bila belum ada dokumen, atau tanda (-) bila belum terverifikasi.
B10: Kolom Dokumentasi | C10: Disediakan untuk tautan link atau nama berkas foto/dokumen pendukung aset.
B11: Sumber Data | C11: Data koordinat, luas tanah, dan Zona Nilai Tanah ZNT bersumber dari aplikasi BHUMI, ATR/BPN Republik Indonesia.
B12: Pemutakhiran Data | C12: Disarankan dilakukan pemutakhiran update minimal 1 tahun sekali atau saat terjadi perubahan status/kondisi aset.
B15: LEGENDA WARNA KATEGORI ASET
B16: Olahraga
B17: Fasilitas Pemerintahan
B18: Fasilitas Keagamaan
B19: Fasilitas Pendidikan

Sheet RINGKASAN
B2: RINGKASAN & REKAPITULASI ASET DESA REJOAGUNG
B3: Tahun 2026 — data bersumber dari sheet INVENTARISASI ASET
B5: TOTAL ASET TERDATA | C5: TOTAL LUAS TANAH | D5: JUMLAH KATEGORI | E5: ASET BELUM VERIFIKASI
B6: =COUNTA('INVENTARISASI ASET'!$A$4:$A$50) -> 44 | C6: =SUM('INVENTARISASI ASET'!$I$4:$I$50) -> 44768 | D6: =4 -> 4 | E6: =COUNTIF('INVENTARISASI ASET'!$G$4:$G$24,"-")+COUNTIF('INVENTARISASI ASET'!$G$4:$G$24,"Kosong") -> 7
C7: m² | D7: kategori | E7: aset
B10: REKAPITULASI PER KATEGORI ASET
B11: Kategori Aset | C11: Jumlah Aset | D11: Total Luas (m²) | E11: % dari Total Aset
B12: Olahraga | C12: =COUNTIF('INVENTARISASI ASET'!$C$4:$C$50,B12) -> 2 | D12: =SUMIF('INVENTARISASI ASET'!$C$4:$C$50,B12,'INVENTARISASI ASET'!$I$4:$I$50) -> 10192 | E12: =C12/22 -> 0.090909091
B13: Fasilitas Pemerintahan | C13: =COUNTIF('INVENTARISASI ASET'!$C$4:$C$50,B13) -> 1 | D13: =SUMIF('INVENTARISASI ASET'!$C$4:$C$50,B13,'INVENTARISASI ASET'!$I$4:$I$50) -> 0 | E13: =C13/22 -> 0.045454545
B14: Fasilitas Keagamaan | C14: =COUNTIF('INVENTARISASI ASET'!$C$4:$C$50,B14) -> 27 | D14: =SUMIF('INVENTARISASI ASET'!$C$4:$C$50,B14,'INVENTARISASI ASET'!$I$4:$I$50) -> 24458 | E14: =C14/22 -> 1.2272727
B15: Fasilitas Pendidikan | C15: =COUNTIF('INVENTARISASI ASET'!$C$4:$C$50,B15) -> 14 | D15: =SUMIF('INVENTARISASI ASET'!$C$4:$C$50,B15,'INVENTARISASI ASET'!$I$4:$I$50) -> 10118 | E15: =C15/22 -> 0.63636364
B16: TOTAL | C16: =SUM(C12:C15) -> 44 | D16: =SUM(D12:D15) -> 44768 | E16: =SUM(E12:E15) -> 2
B19: REKAPITULASI PER STATUS KEPEMILIKAN
B20: Status Kepemilikan | C20: Jumlah Aset | D20: % dari Total
B21: Hak Milik | C21: =COUNTIF('INVENTARISASI ASET'!$G$4:$G$50,"Hak Milik") -> 25 | D21: =C21/22 -> 1.1363636
B22: Hak Wakaf | C22: =COUNTIF('INVENTARISASI ASET'!$G$4:$G$50,"Hak Wakaf") -> 8 | D22: =C22/22 -> 0.36363636
B23: Hak Pakai | C23: =COUNTIF('INVENTARISASI ASET'!$G$4:$G$50,"Hak Pakai") -> 1 | D23: =C23/22 -> 0.045454545
B24: Kosong (Belum Ada Dokumen) | C24: =COUNTIF('INVENTARISASI ASET'!$G$4:$G$50,"Kosong") -> 4 | D24: =C24/22 -> 0.18181818
B25: Belum Terverifikasi | C25: =COUNTIF('INVENTARISASI ASET'!$G$4:$G$50,"-") -> 6 | D25: =C25/22 -> 0.27272727

Sheet INVENTARISASI ASET
A1: BUKU INDUK INVENTARISASI ASET DESA REJOAGUNG
A3: NOMOR | B3: NAMA ASET | C3: KATEGORI ASET | D3: ALAMAT / LOKASI | E3: KOORDINAT | F3: KONDISI | G3: STATUS KEPEMILIKAN | H3: FUNGSI / MANFAAT | I3: LUAS TANAH (m²) | J3: RENTANG NILAI TANAH (Rp/m²) | K3: DOKUMENTASI | L3: KETERANGAN
A4: 1 | B4: Kantor Desa Rejoagung | C4: Fasilitas Pemerintahan | D4: Rejoagung, Srono, Sumberagung, Rejoagung, Kabupaten Banyuwangi, Jawa Timur 68471 | E4: -8.379284867742802, 114.30870560851228 | G4: - | H4: Sarana penyelenggaraan pemerintahan, pelayanan administrasi, dan pelayanan kepada masyarakat desa. | I4: - | J4: Rp 200.000 - 500.000 | L4: Data luas dan ZNT diperoleh dari BHUMI ATR/BPN
A5: 2 | B5: Pondok Pesantren Al Falah Rejoagung | C5: Fasilitas Pendidikan | D5: Jl. K. Sidik, Sumberagung, Rejoagung, Kec. Srono, Kabupaten Banyuwangi, Jawa Timur 68471 | E5: -8.392413922264918, 114.3030527456301 | G5: Hak Milik | H5: Sarana penyelenggaraan kegiatan pendidikan, pembelajaran, dan pengembangan sumber daya manusia. | I5: 387 | J5: Rp 200.000 - 500.000 | L5: Data luas dan ZNT diperoleh dari BHUMI ATR/BPN
A6: 3 | B6: Pondok Pesantren Darussalam | C6: Fasilitas Pendidikan | D6: Sumberagung, Rejoagung, Srono, Banyuwangi Regency, East Java 68471 | E6: -8.380903395592108, 114.30651672178539 | G6: - | H6: Sarana penyelenggaraan kegiatan pendidikan, pembelajaran, dan pengembangan sumber daya manusia. | I6: - | J6: Rp 200.000 - 500.000 | L6: Data luas dan ZNT diperoleh dari BHUMI ATR/BPN
A7: 4 | B7: Pondok Pesantren Salaf Darussalam | C7: Fasilitas Pendidikan | D7: Sumberagung, Rejoagung, Srono, Banyuwangi Regency, East Java 68471 | E7: -8.379962920585527, 114.30589903388307 | G7: Kosong | H7: Sarana penyelenggaraan kegiatan pendidikan, pembelajaran, dan pengembangan sumber daya manusia. | I7: - | J7: Rp 200.000 - 500.000 | L7: Data luas dan ZNT diperoleh dari BHUMI ATR/BPN
A8: 5 | B8: SD N 2 Rejoagung | C8: Fasilitas Pendidikan | D8: Sumberagung, Rejoagung, Kec. Srono, Kabupaten Banyuwangi, Jawa Timur 68471 | E8: -8.38371989423114, 114.30684837623363 | G8: - | H8: Sarana penyelenggaraan kegiatan pendidikan, pembelajaran, dan pengembangan sumber daya manusia. | I8: - | J8: Rp 200.000 - 500.000 | L8: Data luas dan ZNT diperoleh dari BHUMI ATR/BPN
A9: 6 | B9: SDN 1 Rejoagung Srono | C9: Fasilitas Pendidikan | D9: Sumberagung, Rejoagung, Kec. Srono, Kabupaten Banyuwangi, Jawa Timur 68471 | E9: -8.384832643030498, 114.30244043462609 | G9: - | H9: Sarana penyelenggaraan kegiatan pendidikan, pembelajaran, dan pengembangan sumber daya manusia. | I9: - | J9: Rp 200.000 - 500.000 | L9: Data luas dan ZNT diperoleh dari BHUMI ATR/BPN
A10: 7 | B10: SMK NU Darussalam | C10: Fasilitas Pendidikan | D10: Sumberagung, Rejoagung, Srono, Banyuwangi Regency, East Java 68471 | E10: -8.379481745217138, 114.30513978613338 | G10: Hak Milik | H10: Sarana penyelenggaraan kegiatan pendidikan, pembelajaran, dan pengembangan sumber daya manusia. | I10: 435 | J10: Rp 200.000 - 500.000 | L10: Data luas dan ZNT diperoleh dari BHUMI ATR/BPN
A11: 8 | B11: SMP Al Amiriyyah | C11: Fasilitas Pendidikan | D11: Sumberagung, Rejoagung, Srono, Banyuwangi Regency, East Java 68471 | E11: -8.379783589292682, 114.30614657693447 | G11: Kosong | H11: Sarana penyelenggaraan kegiatan pendidikan, pembelajaran, dan pengembangan sumber daya manusia. | I11: 1831 | J11: Rp 200.000 - 500.000 | L11: Data luas dan ZNT diperoleh dari BHUMI ATR/BPN
A12: 9 | B12: TK Khadijah 203 Rejoagung | C12: Fasilitas Pendidikan | D12: Sumberagung, Rejoagung, Kec. Srono, Kabupaten Banyuwangi, Jawa Timur 68471 | E12: -8.379039074344961, 114.30950814137796 | G12: Hak Wakaf | H12: Sarana penyelenggaraan kegiatan pendidikan, pembelajaran, dan pengembangan sumber daya manusia. | I12: 254 | J12: Rp 200.000 - 500.000 | L12: Data luas dan ZNT diperoleh dari BHUMI ATR/BPN
A13: 10 | B13: MTs Unggulan Darussalam | C13: Fasilitas Pendidikan | D13: Sumberagung, Rejoagung, Srono, Banyuwangi Regency, East Java 68471 | E13: -8.380819737094548, 114.30636920358351 | G13: - | H13: Sarana penyelenggaraan kegiatan pendidikan, pembelajaran, dan pengembangan sumber daya manusia. | I13: - | J13: Rp 200.000 - 500.000 | L13: Data luas dan ZNT diperoleh dari BHUMI ATR/BPN
A14: 11 | B14: MI Al Ma'arif Rejoagung | C14: Fasilitas Pendidikan | D14: Jl. K. Sidik Sumberagung, RT.01/RW.02, Krajan, Rejoagung, Kec. Srono, Kabupaten Banyuwangi, Jawa Timur 68471 | E14: -8.39081874694406, 114.30315637211939 | G14: Hak Wakaf | H14: Sarana penyelenggaraan kegiatan pendidikan, pembelajaran, dan pengembangan sumber daya manusia. | I14: 2464 | J14: Rp 200.000 - 500.000 | L14: Data luas dan ZNT diperoleh dari BHUMI ATR/BPN
A15: 12 | B15: Pondok Pesantren Tasmirul Aulad | C15: Fasilitas Pendidikan | D15: J862+874, Krajan, Bagorejo, Kec. Srono, Kabupaten Banyuwangi, Jawa Timur 68471 | E15: -8.388322351424963, 114.30066760943339 | G15: Hak Milik | H15: Sarana penyelenggaraan kegiatan pendidikan, pembelajaran, dan pengembangan sumber daya manusia. | I15: 1180 | J15: Rp 200.000 - 500.000 | L15: Data luas dan ZNT diperoleh dari BHUMI ATR/BPN
A16: 13 | B16: TK Khodijah 88 | C16: Fasilitas Pendidikan | D16: J853+G8V, Krajan, Bagorejo, Kec. Srono, Kabupaten Banyuwangi, Jawa Timur 68471 | E16: -8.390437847705298, 114.3032114419751 | G16: Hak Wakaf | H16: Sarana penyelenggaraan kegiatan pendidikan, pembelajaran, dan pengembangan sumber daya manusia. | I16: 2464 | J16: Rp 200.000 - 500.000 | L16: Data luas dan ZNT diperoleh dari BHUMI ATR/BPN
A17: 14 | B17: SLB Bina Insani Srono | C17: Fasilitas Pendidikan | D17: J78V+QVW, Komis Wetan, Rejoagung, Kec. Srono, Kabupaten Jombang, Jawa Timur 68471 | E17: -8.382526429844281, 114.29464902693765 | G17: Hak Milik | H17: Sarana penyelenggaraan kegiatan pendidikan, pembelajaran, dan pengembangan sumber daya manusia. | I17: 720 | J17: Rp 200.000 - 500.000 | L17: Data luas dan ZNT diperoleh dari BHUMI ATR/BPN
A18: 15 | B18: Pondok Pesantren Manbaul Ulum | C18: Fasilitas Pendidikan | D18: jln.kh.askandar no.01 berasan, wringinputih, Dusun Krajan, Wringin Putih, Kec. Muncar, Kabupaten Banyuwangi, Jawa Timur 68472 | E18: -8.480565423453887, 114.33467181526635 | G18: Hak Milik | H18: Sarana penyelenggaraan kegiatan pendidikan, pembelajaran, dan pengembangan sumber daya manusia. | I18: 383 | J18: Rp 200.000 - 500.000 | L18: Data luas dan ZNT diperoleh dari BHUMI ATR/BPN
A19: 16 | B19: Masjid Al Ikhlas | C19: Fasilitas Keagamaan | D19: Sumberagung, Rejoagung, Kec. Srono, Kabupaten Banyuwangi, Jawa Timur 68471 | E19: -8.366465375488302, 114.30756580829103 | G19: Hak Milik | H19: Sarana pelaksanaan ibadah, kegiatan keagamaan, dan pembinaan kehidupan beragama masyarakat. | I19: 512 | J19: Rp 200.000 - 500.000 | L19: Data luas dan ZNT diperoleh dari BHUMI ATR/BPN
A20: 17 | B20: Masjid An-Nur Leba'an | C20: Fasilitas Keagamaan | D20: Sumbergroto, Rejoagung, Kec. Srono, Kabupaten Banyuwangi, Jawa Timur 68471 | E20: -8.386299720090896, 114.3124985001481 | G20: Hak Milik | H20: Sarana pelaksanaan ibadah, kegiatan keagamaan, dan pembinaan kehidupan beragama masyarakat. | I20: 313 | J20: Rp 200.000 - 500.000 | L20: Data luas dan ZNT diperoleh dari BHUMI ATR/BPN
A21: 18 | B21: Masjid Baitul Jannah | C21: Fasilitas Keagamaan | D21: Sumbergroto, Rejoagung, Kec. Srono, Kabupaten Banyuwangi, Jawa Timur 68471 | E21: -8.370069386523198, 114.31632502104387 | G21: Hak Wakaf | H21: Sarana pelaksanaan ibadah, kegiatan keagamaan, dan pembinaan kehidupan beragama masyarakat. | I21: 390 | J21: Rp 200.000 - 500.000 | L21: Data luas dan ZNT diperoleh dari BHUMI ATR/BPN
A22: 19 | B22: Masjid At-Taqwa | C22: Fasilitas Keagamaan | D22: Sumberagung, Rejoagung, Kec. Srono, Kabupaten Banyuwangi, Jawa Timur 68471 | E22: -8.387233807742788, 114.30742397932381 | G22: Hak Wakaf | H22: Sarana pelaksanaan ibadah, kegiatan keagamaan, dan pembinaan kehidupan beragama masyarakat. | I22: 211 | J22: Rp 200.000 - 500.000 | L22: Data luas dan ZNT diperoleh dari BHUMI ATR/BPN
A23: 20 | B23: Mushola At-Taubat | C23: Fasilitas Keagamaan | D23: Sumbergroto, Rejoagung, Kec. Srono, Kabupaten Banyuwangi, Jawa Timur 68471 | E23: -8.377004038390757, 114.31088265731704 | G23: Hak Milik | H23: Sarana pelaksanaan ibadah, kegiatan keagamaan, dan pembinaan kehidupan beragama masyarakat. | I23: 690 | J23: Rp 200.000 - 500.000 | L23: Data luas dan ZNT diperoleh dari BHUMI ATR/BPN
A24: 21 | B24: Mushola Baburrohmah | C24: Fasilitas Keagamaan | D24: Sumbergroto, Rejoagung, Kec. Srono, Kabupaten Banyuwangi, Jawa Timur 68471 | E24: -8.36847470108048, 114.31244429110217 | G24: Hak Milik | H24: Sarana pelaksanaan ibadah, kegiatan keagamaan, dan pembinaan kehidupan beragama masyarakat. | I24: 839 | J24: Rp 200.000 - 500.000 | L24: Data luas dan ZNT diperoleh dari BHUMI ATR/BPN
A25: 22 | B25: Mushola Jabal Nur | C25: Fasilitas Keagamaan | D25: Sumberagung, Rejoagung, Kec. Srono, Kabupaten Banyuwangi, Jawa Timur 68471 | E25: -8.380062774300711, 114.30708876415044 | G25: Hak Milik | H25: Sarana pelaksanaan ibadah, kegiatan keagamaan, dan pembinaan kehidupan beragama masyarakat. | I25: 1646 | J25: Rp 200.000 - 500.000 | L25: Data luas dan ZNT diperoleh dari BHUMI ATR/BPN
... A44: 41 | B44: Masjid Baitul Arifin | C44: Fasilitas Keagamaan | D44: J853+P6X, Krajan, Bagorejo, Kec. Srono, Kabupaten Banyuwangi, Jawa Timur 68471 | E44: -8.390155125683997, 114.30315291141804 | G44: Hak Wakaf | H44: Sarana pelaksanaan ibadah, kegiatan keagamaan, dan pembinaan kehidupan beragama masyarakat. | I44: 2562 | J44: Rp 200.000 - 500.000 | L44: Data luas dan ZNT diperoleh dari BHUMI ATR/BPN
A45: 42 | B45: Mushola Al- Bashar | C45: Fasilitas Keagamaan | D45: J842+FRH, Krajan, Bagorejo, Kec. Srono, Kabupaten Banyuwangi, Jawa Timur 68471 | E45: -8.393650577410154, 114.3021752440881 | G45: - | H45: Sarana pelaksanaan ibadah, kegiatan keagamaan, dan pembinaan kehidupan beragama masyarakat. | I45: - | J45: Rp 200.000 - 500.000 | L45: Data luas dan ZNT diperoleh dari BHUMI ATR/BPN
A46: 43 | B46: "RSC" Rejoagung Sport Center | C46: Olahraga | D46: Sumberagung, Rejoagung, Kec. Srono, Kabupaten Banyuwangi, Jawa Timur 68471 | E46: -8.386578222828776, 114.29964314279374 | G46: Kosong | H46: Sarana olahraga dan kegiatan masyarakat | I46: 2234 | J46: Rp 200.000 - 500.000 | L46: Data luas dan ZNT diperoleh dari BHUMI ATR/BPN
A47: 44 | B47: Lapangan Rejoagung | C47: Olahraga | D47: Sumbergroto, Rejoagung, Srono, Banyuwangi Regency, East Java 68471 | E47: -8.39385251488808, 114.31367960376035 | G47: Hak Pakai | H47: Sarana olahraga dan kegiatan masyarakat | I47: 7958 | J47: Rp 200.000 - 500.000 | L47: Data luas dan ZNT diperoleh dari BHUMI ATR/BPN

Sheet ASET OLAHRAGA
A1: DAFTAR ASET DESA REJOAGUNG — KATEGORI OLAHRAGA
A3: NOMOR | B3: NAMA ASET | C3: ALAMAT / LOKASI | D3: KOORDINAT | E3: KONDISI | F3: STATUS KEPEMILIKAN | G3: LUAS TANAH (m²) | H3: RENTANG NILAI TANAH (Rp/m²) | I3: KETERANGAN
A4: 43 | B4: "RSC" Rejoagung Sport Center | C4: Olahraga | D4: Sumberagung, Rejoagung, Kec. Srono, Kabupaten Banyuwangi, Jawa Timur 68471 | E4: -8.386578222828776, 114.29964314279374 | G4: Kosong | H4: Sarana olahraga dan kegiatan masyarakat | I4: 2234 | J4: Rp 200.000 - 500.000 | L4: Data luas dan ZNT diperoleh dari BHUMI ATR/BPN
A5: 44 | B5: Lapangan Rejoagung | C5: Olahraga | D5: Sumbergroto, Rejoagung, Srono, Banyuwangi Regency, East Java 68471 | E5: -8.39385251488808, 114.31367960376035 | G5: Hak Pakai | H5: Sarana olahraga dan kegiatan masyarakat | I5: 7958 | J5: Rp 200.000 - 500.000 | L5: Data luas dan ZNT diperoleh dari BHUMI ATR/BPN
A7: TOTAL ASET KATEGORI OLAHRAGA: 2 | G7: =SUM(G4:G5) -> 0

Sheet ASET PEMERINTAHAN
A1: DAFTAR ASET DESA REJOAGUNG — KATEGORI FASILITAS PEMERINTAHAN
A3: NOMOR | B3: NAMA ASET | C3: ALAMAT / LOKASI | D3: KOORDINAT | E3: KONDISI | F3: STATUS KEPEMILIKAN | G3: LUAS TANAH (m²) | H3: RENTANG NILAI TANAH (Rp/m²) | I3: KETERANGAN
A4: 1 | B4: Kantor Desa Rejoagung | C4: Fasilitas Pemerintahan | D4: Rejoagung, Srono, Sumberagung, Rejoagung, Kabupaten Banyuwangi, Jawa Timur 68471 | E4: -8.379284867742802, 114.30870560851228 | G4: - | H4: Sarana penyelenggaraan pemerintahan, pelayanan administrasi, dan pelayanan kepada masyarakat desa. | I4: - | J4: Rp 200.000 - 500.000 | L4: Data luas dan ZNT diperoleh dari BHUMI ATR/BPN
A6: TOTAL ASET KATEGORI FASILITAS PEMERINTAHAN: 1 | G6: =SUM(G4:G4) -> 0

Sheet ASET KEAGAMAAN
A1: DAFTAR ASET DESA REJOAGUNG — KATEGORI FASILITAS KEAGAMAAN
A3: NOMOR | B3: NAMA ASET | C3: ALAMAT / LOKASI | D3: KOORDINAT | E3: KONDISI | F3: STATUS KEPEMILIKAN | G3: LUAS TANAH (m²) | H3: RENTANG NILAI TANAH (Rp/m²) | I3: KETERANGAN
A4: 16 | B4: Masjid Al Ikhlas | C4: Fasilitas Keagamaan | D4: Sumberagung, Rejoagung, Kec. Srono, Kabupaten Banyuwangi, Jawa Timur 68471 | E4: -8.366465375488302, 114.30756580829103 | G4: Hak Milik | H4: Sarana pelaksanaan ibadah, kegiatan keagamaan, dan pembinaan kehidupan beragama masyarakat. | I4: 512 | J4: Rp 200.000 - 500.000 | L4: Data luas dan ZNT diperoleh dari BHUMI ATR/BPN
A5: 17 | B5: Masjid An-Nur Leba'an | C5: Fasilitas Keagamaan | D5: Sumbergroto, Rejoagung, Kec. Srono, Kabupaten Banyuwangi, Jawa Timur 68471 | E5: -8.386299720090896, 114.3124985001481 | G5: Hak Milik | H5: Sarana pelaksanaan ibadah, kegiatan keagamaan, dan pembinaan kehidupan beragama masyarakat. | I5: 313 | J5: Rp 200.000 - 500.000 | L5: Data luas dan ZNT diperoleh dari BHUMI ATR/BPN
A6: 18 | B6: Masjid Baitul Jannah | C6: Fasilitas Keagamaan | D6: Sumbergroto, Rejoagung, Kec. Srono, Kabupaten Banyuwangi, Jawa Timur 68471 | E6: -8.370069386523198, 114.31632502104387 | G6: Hak Wakaf | H6: Sarana pelaksanaan ibadah, kegiatan keagamaan, dan pembinaan kehidupan beragama masyarakat. | I6: 390 | J6: Rp 200.000 - 500.000 | L6: Data luas dan ZNT diperoleh dari BHUMI ATR/BPN
A7: 19 | B7: Masjid At-Taqwa | C7: Fasilitas Keagamaan | D7: Sumberagung, Rejoagung, Kec. Srono, Kabupaten Banyuwangi, Jawa Timur 68471 | E7: -8.387233807742788, 114.30742397932381 | G7: Hak Wakaf | H7: Sarana pelaksanaan ibadah, kegiatan keagamaan, dan pembinaan kehidupan beragama masyarakat. | I7: 211 | J7: Rp 200.000 - 500.000 | L7: Data luas dan ZNT diperoleh dari BHUMI ATR/BPN
A8: 20 | B8: Mushola At-Taubat | C8: Fasilitas Keagamaan | D8: Sumbergroto, Rejoagung, Kec. Srono, Kabupaten Banyuwangi, Jawa Timur 68471 | E8: -8.377004038390757, 114.31088265731704 | G8: Hak Milik | H8: Sarana pelaksanaan ibadah, kegiatan keagamaan, dan pembinaan kehidupan beragama masyarakat. | I8: 690 | J8: Rp 200.000 - 500.000 | L8: Data luas dan ZNT diperoleh dari BHUMI ATR/BPN
A9: 21 | B9: Mushola Baburrohmah | C9: Fasilitas Keagamaan | D9: Sumbergroto, Rejoagung, Kec. Srono, Kabupaten Banyuwangi, Jawa Timur 68471 | E9: -8.36847470108048, 114.31244429110217 | G9: Hak Milik | H9: Sarana pelaksanaan ibadah, kegiatan keagamaan, dan pembinaan kehidupan beragama masyarakat. | I9: 839 | J9: Rp 200.000 - 500.000 | L9: Data luas dan ZNT diperoleh dari BHUMI ATR/BPN
A10: 22 | B10: Mushola Jabal Nur | C10: Fasilitas Keagamaan | D10: Sumberagung, Rejoagung, Kec. Srono, Kabupaten Banyuwangi, Jawa Timur 68471 | E10: -8.380062774300711, 114.30708876415044 | G10: Hak Milik | H10: Sarana pelaksanaan ibadah, kegiatan keagamaan, dan pembinaan kehidupan beragama masyarakat. | I10: 1646 | J10: Rp 200.000 - 500.000 | L10: Data luas dan ZNT diperoleh dari BHUMI ATR/BPN
A11: 23 | B11: Mushola Kalingga Murdha | C11: Fasilitas Keagamaan | D11: Sumbergroto, Rejoagung, Kec. Srono, Kabupaten Banyuwangi, Jawa Timur 68471 | E11: -8.368957249623543, 114.31241713585393 | G11: Hak Milik | H11: Sarana pelaksanaan ibadah, kegiatan keagamaan, dan pembinaan kehidupan beragama masyarakat. | I11: 844 | J11: Rp 200.000 - 500.000 | L11: Data luas dan ZNT diperoleh dari BHUMI ATR/BPN
A12: 24 | B12: Mushola Thoriqul Jannah | C12: Fasilitas Keagamaan | D12: Sumberagung, Rejoagung, Kec. Srono, Kabupaten Banyuwangi, Jawa Timur 68471 | E12: -8.385277463077681, 114.30605723050775 | G12: Hak Milik | H12: Sarana pelaksanaan ibadah, kegiatan keagamaan, dan pembinaan kehidupan beragama masyarakat. | I12: 846 | J12: Rp 200.000 - 500.000 | L12: Data luas dan ZNT diperoleh dari BHUMI ATR/BPN
A13: 25 | B13: Mushola Darul Muttaqin | C13: Fasilitas Keagamaan | D13: Krajan Baru, Wonosobo, Kec. Srono, Kabupaten Banyuwangi, Jawa Timur 68471 | E13: -8.370588982656958, 114.30552166084222 | G13: Hak Milik | H13: Sarana pelaksanaan ibadah, kegiatan keagamaan, dan pembinaan kehidupan beragama masyarakat. | I13: 1130 | J13: Rp 200.000 - 500.000 | L13: Data luas dan ZNT diperoleh dari BHUMI ATR/BPN
A14: 26 | B14: Masjid Baitul Muttaqin | C14: Fasilitas Keagamaan | D14: J7CX+45M, Sumberagung, Rejoagung, Kec. Srono, Kabupaten Banyuwangi, Jawa Timur 68471 | E14: -8.3745529117934, 114.29596958812195 | G14: Hak Milik | H14: Sarana pelaksanaan ibadah, kegiatan keagamaan, dan pembinaan kehidupan beragama masyarakat. | I14: 928 | J14: Rp 200.000 - 500.000 | L14: Data luas dan ZNT diperoleh dari BHUMI ATR/BPN
A15: 27 | B15: Mushola Darun Najah | C15: Fasilitas Keagamaan | D15: J895+WPG, Sumberagung, Rejoagung, Kec. Srono, Kabupaten Banyuwangi, Jawa Timur 68471 | E15: -8.379225810287183, 114.30951862395573 | G15: Hak Wakaf | H15: Sarana pelaksanaan ibadah, kegiatan keagamaan, dan pembinaan kehidupan beragama masyarakat. | I15: 248 | J15: Rp 200.000 - 500.000 | L15: Data luas dan ZNT diperoleh dari BHUMI ATR/BPN
... A29: 41 | B29: Masjid Baitul Arifin | C29: Fasilitas Keagamaan | D29: J853+P6X, Krajan, Bagorejo, Kec. Srono, Kabupaten Banyuwangi, Jawa Timur 68471 | E29: -8.390155125683997, 114.30315291141804 | G29: Hak Wakaf | H29: Sarana pelaksanaan ibadah, kegiatan keagamaan, dan pembinaan kehidupan beragama masyarakat. | I29: 2562 | J29: Rp 200.000 - 500.000 | L29: Data luas dan ZNT diperoleh dari BHUMI ATR/BPN
A30: 42 | B30: Mushola Al- Bashar | C30: Fasilitas Keagamaan | D30: J842+FRH, Krajan, Bagorejo, Kec. Srono, Kabupaten Banyuwangi, Jawa Timur 68471 | E30: -8.393650577410154, 114.3021752440881 | G30: - | H30: Sarana pelaksanaan ibadah, kegiatan keagamaan, dan pembinaan kehidupan beragama masyarakat. | I30: - | J30: Rp 200.000 - 500.000 | L30: Data luas dan ZNT diperoleh dari BHUMI ATR/BPN

Sheet ASET PENDIDIKAN
A1: DAFTAR ASET DESA REJOAGUNG — KATEGORI FASILITAS PENDIDIKAN
A3: NOMOR | B3: NAMA ASET | C3: ALAMAT / LOKASI | D3: KOORDINAT | E3: KONDISI | F3: STATUS KEPEMILIKAN | G3: LUAS TANAH (m²) | H3: RENTANG NILAI TANAH (Rp/m²) | I3: KETERANGAN
A4: 2 | B4: Pondok Pesantren Al Falah Rejoagung | C4: Fasilitas Pendidikan | D4: Jl. K. Sidik, Sumberagung, Rejoagung, Kec. Srono, Kabupaten Banyuwangi, Jawa Timur 68471 | E4: -8.392413922264918, 114.3030527456301 | G4: Hak Milik | H4: Sarana penyelenggaraan kegiatan pendidikan, pembelajaran, dan pengembangan sumber daya manusia. | I4: 387 | J4: Rp 200.000 - 500.000 | L4: Data luas dan ZNT diperoleh dari BHUMI ATR/BPN
A5: 3 | B5: Pondok Pesantren Darussalam | C5: Fasilitas Pendidikan | D5: Sumberagung, Rejoagung, Srono, Banyuwangi Regency, East Java 68471 | E5: -8.380903395592108, 114.30651672178539 | G5: - | H5: Sarana penyelenggaraan kegiatan pendidikan, pembelajaran, dan pengembangan sumber daya manusia. | I5: - | J5: Rp 200.000 - 500.000 | L5: Data luas dan ZNT diperoleh dari BHUMI ATR/BPN
A6: 4 | B6: Pondok Pesantren Salaf Darussalam | C6: Fasilitas Pendidikan | D6: Sumberagung, Rejoagung, Srono, Banyuwangi Regency, East Java 68471 | E6: -8.379962920585527, 114.30589903388307 | G6: Kosong | H6: Sarana penyelenggaraan kegiatan pendidikan, pembelajaran, dan pengembangan sumber daya manusia. | I6: - | J6: Rp 200.000 - 500.000 | L6: Data luas dan ZNT diperoleh dari BHUMI ATR/BPN
A7: 5 | B7: SD N 2 Rejoagung | C7: Fasilitas Pendidikan | D7: Sumberagung, Rejoagung, Kec. Srono, Kabupaten Banyuwangi, Jawa Timur 68471 | E7: -8.38371989423114, 114.30684837623363 | G7: - | H7: Sarana penyelenggaraan kegiatan pendidikan, pembelajaran, dan pengembangan sumber daya manusia. | I7: - | J7: Rp 200.000 - 500.000 | L7: Data luas dan ZNT diperoleh dari BHUMI ATR/BPN
A8: 6 | B8: SDN 1 Rejoagung Srono | C8: Fasilitas Pendidikan | D8: Sumberagung, Rejoagung, Kec. Srono, Kabupaten Banyuwangi, Jawa Timur 68471 | E8: -8.384832643030498, 114.30244043462609 | G8: - | H8: Sarana penyelenggaraan kegiatan pendidikan, pembelajaran, dan pengembangan sumber daya manusia. | I8: - | J8: Rp 200.000 - 500.000 | L8: Data luas dan ZNT diperoleh dari BHUMI ATR/BPN
A9: 7 | B9: SMK NU Darussalam | C9: Fasilitas Pendidikan | D9: Sumberagung, Rejoagung, Srono, Banyuwangi Regency, East Java 68471 | E9: -8.379481745217138, 114.30513978613338 | G9: Hak Milik | H9: Sarana penyelenggaraan kegiatan pendidikan, pembelajaran, dan pengembangan sumber daya manusia. | I9: 435 | J9: Rp 200.000 - 500.000 | L9: Data luas dan ZNT diperoleh dari BHUMI ATR/BPN
A10: 8 | B10: SMP Al Amiriyyah | C10: Fasilitas Pendidikan | D10: Sumberagung, Rejoagung, Srono, Banyuwangi Regency, East Java 68471 | E10: -8.379783589292682, 114.30614657693447 | G10: Kosong | H10: Sarana penyelenggaraan kegiatan pendidikan, pembelajaran, dan pengembangan sumber daya manusia. | I10: 1831 | J10: Rp 200.000 - 500.000 | L10: Data luas dan ZNT diperoleh dari BHUMI ATR/BPN
A11: 9 | B11: TK Khadijah 203 Rejoagung | C11: Fasilitas Pendidikan | D11: Sumberagung, Rejoagung, Kec. Srono, Kabupaten Banyuwangi, Jawa Timur 68471 | E11: -8.379039074344961, 114.30950814137796 | G11: Hak Wakaf | H11: Sarana penyelenggaraan kegiatan pendidikan, pembelajaran, dan pengembangan sumber daya manusia. | I11: 254 | J11: Rp 200.000 - 500.000 | L11: Data luas dan ZNT diperoleh dari BHUMI ATR/BPN
A12: 10 | B12: MTs Unggulan Darussalam | C12: Fasilitas Pendidikan | D12: Sumberagung, Rejoagung, Srono, Banyuwangi Regency, East Java 68471 | E12: -8.380819737094548, 114.30636920358351 | G12: - | H12: Sarana penyelenggaraan kegiatan pendidikan, pembelajaran, dan pengembangan sumber daya manusia. | I12: - | J12: Rp 200.000 - 500.000 | L12: Data luas dan ZNT diperoleh dari BHUMI ATR/BPN
A13: 11 | B13: MI Al Ma'arif Rejoagung | C13: Fasilitas Pendidikan | D13: Jl. K. Sidik Sumberagung, RT.01/RW.02, Krajan, Rejoagung, Kec. Srono, Kabupaten Banyuwangi, Jawa Timur 68471 | E13: -8.39081874694406, 114.30315637211939 | G13: Hak Wakaf | H13: Sarana penyelenggaraan kegiatan pendidikan, pembelajaran, dan pengembangan sumber daya manusia. | I13: 2464 | J13: Rp 200.000 - 500.000 | L13: Data luas dan ZNT diperoleh dari BHUMI ATR/BPN
A14: 12 | B14: Pondok Pesantren Tasmirul Aulad | C14: Fasilitas Pendidikan | D14: J862+874, Krajan, Bagorejo, Kec. Srono, Kabupaten Banyuwangi, Jawa Timur 68471 | E14: -8.388322351424963, 114.30066760943339 | G14: Hak Milik | H14: Sarana penyelenggaraan kegiatan pendidikan, pembelajaran, dan pengembangan sumber daya manusia. | I14: 1180 | J14: Rp 200.000 - 500.000 | L14: Data luas dan ZNT diperoleh dari BHUMI ATR/BPN
A15: 13 | B15: TK Khodijah 88 | C15: Fasilitas Pendidikan | D15: J853+G8V, Krajan, Bagorejo, Kec. Srono, Kabupaten Banyuwangi, Jawa Timur 68471 | E15: -8.390437847705298, 114.3032114419751 | G15: Hak Wakaf | H15: Sarana penyelenggaraan kegiatan pendidikan, pembelajaran, dan pengembangan sumber daya manusia. | I15: 2464 | J15: Rp 200.000 - 500.000 | L15: Data luas dan ZNT diperoleh dari BHUMI ATR/BPN
A16: 14 | B16: SLB Bina Insani Srono | C16: Fasilitas Pendidikan | D16: J78V+QVW, Komis Wetan, Rejoagung, Kec. Srono, Kabupaten Jombang, Jawa Timur 68471 | E16: -8.382526429844281, 114.29464902693765 | G16: Hak Milik | H16: Sarana penyelenggaraan kegiatan pendidikan, pembelajaran, dan pengembangan sumber daya manusia. | I16: 720 | J16: Rp 200.000 - 500.000 | L16: Data luas dan ZNT diperoleh dari BHUMI ATR/BPN
A17: 15 | B17: Pondok Pesantren Manbaul Ulum | C17: Fasilitas Pendidikan | D17: jln.kh.askandar no.01 berasan, wringinputih, Dusun Krajan, Wringin Putih, Kec. Muncar, Kabupaten Banyuwangi, Jawa Timur 68472 | E17: -8.480565423453887, 114.33467181526635 | G17: Hak Milik | H17: Sarana penyelenggaraan kegiatan pendidikan, pembelajaran, dan pengembangan sumber daya manusia. | I17: 383 | J17: Rp 200.000 - 500.000 | L17: Data luas dan ZNT diperoleh dari BHUMI ATR/BPN
